Parameter,Adult_Baseline,Demographic_Scaled,PreOp_Calibrated,PostOp_Baseline,PostOp_Calibrated,PctChange_Adult_to_Scaled,PctChange_Scaled_to_PreCal,PctChange_PostBase_to_PostCal
C.LA,5,1.78422535428248,1.78422535433526,1.78422535433526,1.78422535433526,-64.3154929143504,2.95819643199305e-09,0
C.PAR,5,1.78422535428248,1.69501408662,1.69501408662,1.69501408662,-64.3154929143504,-4.99999999710548,0
C.PCNO,0.0017,0.000606636620456043,0.000606636620473988,0.000606636620473988,0.000606636620473988,-64.3154929143504,2.95819555124366e-09,0
C.PCOX,0.1983,0.0707623775508431,0.205203957106789,0.205203957106789,0.133925752792178,-64.3154929143504,189.990195650716,-34.7352971743704
C.PVEN,13.75,4.90661972427682,14.228716138267,14.228716138267,9.28632930354235,-64.3154929143504,189.990195650716,-34.7352971743704
C.RA,5,1.78422535428248,1.78422535433526,1.78422535433526,1.78422535433526,-64.3154929143504,2.95819643199305e-09,0
C.SAR,1.33,0.474604312614536,0.505791080716,0.505791080716,0.76192326260177,-64.3154652169522,6.57110929516417,50.63991668718
C.SC,1,0.356845347830478,1.01083841450866,1.01083841450866,0.619028781459946,-64.3154652169522,183.270727965007,-38.7608570692439
C.SVEN,30,10.7053604349143,8.13837894836503,10.705360435231,24.0823796189539,-64.3154652169522,-23.9784685640046,124.956270876219
E.LA.EA,0.35,0.980817807458945,0.98081780742993,0.98081780742993,0.578682220386896,180.233659273984,-2.95820164610626e-09,-41.0000291590101
E.LA.EB,0.2,0.560467318547968,0.560467318531389,0.560467318531389,0.560467318531389,180.233659273984,-2.95819881626616e-09,0
E.LV.EA,3.5,9.80817807458945,6.98614086497,6.98614086497,6.64719330211393,180.233659273984,-28.7722876578948,-4.85171383468122
E.LV.EB,0.08,0.224186927419187,0.160608281828,0.224186927412555,0.160987390141501,180.233659273984,-28.3596578636841,-28.1905541953178
E.RA.EA,0.3,1.40734865195766,1.40734865189521,1.40734865189521,0.740968642445246,369.11621731922,-4.43729907947532e-09,-47.350030040714
E.RA.EB,0.1,0.46911621731922,0.469116217298404,0.469116217298404,0.469116217298404,369.11621731922,-4.43729513509728e-09,0
E.RV.EA,0.5,2.3455810865961,2.07924350997,2.07924350997,1.9477799079541,369.11621731922,-11.3548654594845,-6.32266501665313
E.RV.EB,0.042,0.197028811274073,0.108365846196,0.19702881126533,0.108365846196195,369.11621731922,-45.0000000024057,-44.999999999866
HR,75,105.376303938193,119,119,108,40.5017385842577,12.9286144537746,-9.2436974789916
L.PAR,1e-05,2.80233659273984e-05,2.80233659265694e-05,2.80233659265694e-05,2.80233659265694e-05,180.233659273984,-2.95818985971171e-09,0
L.PVEN,1e-05,2.80233659273984e-05,2.80233659265694e-05,2.80233659265694e-05,2.80233659265694e-05,180.233659273984,-2.95818985971171e-09,0
L.SAR,1e-05,2.80233659273984e-05,2.80233659265694e-05,2.80233659265694e-05,2.80233659265694e-05,180.233659273984,-2.95818985971171e-09,0
L.SVEN,1e-05,2.80233659273984e-05,2.80233659265694e-05,2.80233659265694e-05,2.80233659265694e-05,180.233659273984,-2.95818985971171e-09,0
R.PAR,0.01,0.0280233659273984,0.0126105146669562,0.0126105146669562,0.0173669693551075,180.233659273984,-55.0000000013312,37.7181646726498
R.PCNO,1.264,3.54215345322316,3.54215345311838,3.54215345311838,3.54215345311838,180.233659273984,-2.95819304912368e-09,0
R.PCOX,0.063,0.17654720534261,0.0794462424018243,0.0794462424018243,0.109411906937177,180.233659273984,-55.0000000013312,37.7181646726498
R.PVEN,0.02,0.0560467318547968,0.0252210293339125,0.0252210293339125,0.0347339387102149,180.233659273984,-55.0000000013312,37.7181646726498
R.SAR,0.05,0.140116720881991,0.0641709828581007,0.140116720877846,0.092697252733295,180.233441763981,-54.2017666027548,-33.8428332089581
R.SC,0.8,2.24186753411185,1.02673572572961,1.02673572572961,1.48315604373272,180.233441763981,-54.2017666027548,44.4535342995658
R.SVEN,0.05,0.140116720881991,0.17210262897,0.140116720877846,0.0762810016263978,180.233441763981,22.8280449946788,-45.5589588819311
R.vsd,1000000,1000000,3.11746987951807,1000000,1000000,0,-99.999688253012,0
Rvalve.closed,94168,94168,94168,94168,94168,0,0,0
Rvalve.open,0.004,0.0112093463709594,0.0112093463706278,0.0112093463706278,0.0112093463706278,180.233659273984,-2.95819324501847e-09,0
Tc_LA,NaN,0.0569387972035838,0.0504201680672269,0.0504201680672269,0.0555555555555556,NaN,-11.4484840855519,10.1851851851852
Tc_LA_frac,0.1,0.1,0.1,0.1,0.1,0,0,0
Tc_LV,NaN,0.150887812589497,0.133613445378151,0.133613445378151,0.147222222222222,NaN,-11.4484840855518,10.1851851851852
Tc_LV_frac,0.265,0.265,0.265,0.265,0.265,0,0,0
Tc_RA,NaN,0.0569387972035838,0.0504201680672269,0.0504201680672269,0.0555555555555556,NaN,-11.4484840855519,10.1851851851852
Tc_RA_frac,0.1,0.1,0.1,0.1,0.1,0,0,0
Tc_RV,NaN,0.170816391610751,0.151260504201681,0.151260504201681,0.166666666666667,NaN,-11.4484840855518,10.1851851851852
Tc_RV_frac,0.3,0.3,0.3,0.3,0.3,0,0,0
Tr_LA,NaN,0.455510377628671,0.403361344537815,0.403361344537815,0.444444444444444,NaN,-11.4484840855519,10.1851851851852
Tr_LA_frac,0.8,0.8,0.8,0.8,0.8,0,0,0
Tr_LV,NaN,0.227755188814335,0.201680672268908,0.201680672268908,0.222222222222222,NaN,-11.4484840855519,10.1851851851852
Tr_LV_frac,0.4,0.4,0.4,0.4,0.4,0,0,0
Tr_RA,NaN,0.398571580425087,0.352941176470588,0.352941176470588,0.388888888888889,NaN,-11.4484840855518,10.1851851851852
Tr_RA_frac,0.7,0.7,0.7,0.7,0.7,0,0,0
Tr_RV,NaN,0.227755188814335,0.201680672268908,0.201680672268908,0.222222222222222,NaN,-11.4484840855519,10.1851851851852
Tr_RV_frac,0.4,0.4,0.4,0.4,0.4,0,0,0
V0.LA,2.3085,0.823776846072221,0.82377684609659,0.82377684609659,0.82377684609659,-64.3154929143504,2.95819813551496e-09,0
V0.LV,3.5385,1.26269628322571,1.42789625539,1.42789625539,0.949426582661686,-64.3154929143504,13.0831122542205,-33.5087140205175
V0.PAR,196,69.9416338878732,69.9416338899422,69.9416338899422,69.9416338899422,-64.3154929143504,2.95818220927941e-09,0
V0.PCNO,0,0,0,0,0,NaN,NaN,NaN
V0.PCOX,0,0,0,0,0,NaN,NaN,NaN
V0.PVEN,0,0,0,0,0,NaN,NaN,NaN
V0.RA,3.5385,1.26269628322571,1.26269628326306,1.26269628326306,1.26269628326306,-64.3154929143504,2.95817672277267e-09,0
V0.RV,8.4067,2.9998894571693,3.03618578162,3.03618578162,2.53372744674744,-64.3154929143504,1.2099220644265,-16.5489983489897
V0.SAR,90.9,32.4372169408555,32.437216941815,32.437216941815,32.437216941815,-64.3154929143504,2.95818361746888e-09,0
V0.SC,49,17.4854084719683,17.4854084724855,17.4854084724855,17.4854084724855,-64.3154929143504,2.95818220927941e-09,0
V0.SVEN,450,658.50797779264,421.175303754949,421.175303754949,421.175303754949,46.3351061761423,-36.040971718102,0
calibration.invalid_penalty_scale,1000,1000,1000,1000,1000,0,0,0
calibration.primary_target_pct,5,5,5,5,5,0,0,0
calibration.secondary_lambda,1,1,1,1,1,0,0,0
calibration.secondary_target_pct,10,10,10,10,10,0,0,0
epsilon_valve,0.5,0.5,0.5,0.5,0.5,0,0,0
epsilon_vsd,0.1,0.1,0.1,0.1,0.1,0,0,0
maturation.age_days,NaN,1157.8425,1157.8425,1157.8425,1157.8425,NaN,0,0
maturation.pvr_factor,NaN,1,1,1,1,NaN,0,0
maturation.pvr_reference_age_days,NaN,1157.8425,1157.8425,1157.8425,1157.8425,NaN,0,0
maturation.svr_factor,NaN,0.999999223826276,0.999999223826276,0.999999223826276,0.999999223826276,NaN,0,0
scaling.BSA_patient,NaN,0.617341972581738,0.6173419726,0.6173419726,0.6173419726,NaN,2.95819341069405e-09,0
scaling.BSA_ref,NaN,1.73,1.73,1.73,1.73,NaN,0,0
scaling.BV_patient,NaN,980,980,980,980,NaN,0,0
scaling.V0_SVEN_applied,NaN,658.50797779264,554.438975481363,658.507977782704,658.507977782704,NaN,-15.8037572544106,0
scaling.V0_SVEN_required,NaN,658.50797779264,554.438975481363,658.507977782704,658.507977782704,NaN,-15.8037572544106,0
scaling.age_days,NaN,1157.8425,1157.8425,1157.8425,1157.8425,NaN,0,0
scaling.s,NaN,0.356845070856496,0.356845070867052,0.356845070867052,0.356845070867052,NaN,2.95819332077444e-09,0
t_ac_LA,NaN,0.427040979026879,0.378151260504202,0.378151260504202,0.416666666666667,NaN,-11.4484840855518,10.1851851851852
t_ac_LA_frac,0.75,0.75,0.75,0.75,0.75,0,0,0
t_ac_RA,NaN,0.455510377628671,0.403361344537815,0.403361344537815,0.444444444444444,NaN,-11.4484840855519,10.1851851851852
t_ac_RA_frac,0.8,0.8,0.8,0.8,0.8,0,0,0
t_ar_LA,NaN,0.483979776230463,0.428571428571429,0.428571428571429,0.472222222222222,NaN,-11.4484840855519,10.1851851851852
t_ar_RA,NaN,0.512449174832254,0.453781512605042,0.453781512605042,0.5,NaN,-11.4484840855519,10.1851851851852
vsd.Cd,0.7,0.7,0.522701404320803,0.7,0.7,0,-25.3283708113139,0
vsd.area_mm2,0,0,7.18688406893877,0,0,NaN,Inf,NaN
vsd.diameter_mm,0,0,3.025,0,0,NaN,Inf,NaN
vsd.reference_gradient_mmHg,20,20,20,20,20,0,0,0
vsd.reverse_leak_fraction,0.02,0.02,0.02,0.02,0.02,0,0,0
vsd.rho_blood,1060,1060,1060,1060,1060,0,0,0
